{
  "recall": {
    "10": 0.0257125,
    "50": 0.10219999999999999,
    "100": 0.15723107769423558
  },
  "ndcg": {
    "10": 0.011072937233456162,
    "50": 0.028128298474616967,
    "100": 0.0376327663522147
  }
}